TC-001	US-01	Registrar un usuario válido	Administrador logueado	Nombre, DNI, correo y rol válidos	1. Abrir formulario / 2. Completar datos  / 3. Guardar	El usuario se registra correctamente y aparece mensaje de éxito	Alta	Unitario	Rodriguez Gonzalo
TC-002	US-01	Validar DNI duplicado	Existe un usuario con DNI 12345678	DNI repetido	Registrar nuevo usuario con mismo DNI	El sistema impide guardar e informa que el DNI ya existe	Alta	Unitario	Rodriguez Gonzalo
TC-003	US-01	Validar correo duplicado	Existe un usuario con correo registrado	Correo repetido	Registrar usuario con mismo correo	El sistema muestra error y no guarda	Media	Unitario	Rodriguez Gonzalo
TC-004	US-01	Guardar correctamente el rol	Administrador logueado	Rol Secretario	Registrar usuario	El usuario queda con el rol seleccionado	Media	Unitario	Rodriguez Gonzalo
TC-005	US-01	Confirmar registro exitoso	Datos válidos	Datos válidos	Registrar usuario	Se muestra mensaje de registro exitoso	Baja	Unitario	Rodriguez Gonzalo
TC-006	US-02	Crear un usuario de gestión con datos válidos	Administrador logueado	Nombre, DNI, correo y rol válidos	1. Abrir formulario de creación de usuario  / 2. Completar datos básicos y rol  / 3. Guardar	El usuario se crea correctamente y el sistema muestra un mensaje de confirmación	Alta	Unitario	Guajardo Lautaro
TC-007	US-02	Validar que no se puede crear un usuario con DNI ya existente	Existe un usuario registrado con DNI "12345678"	Nuevo usuario con DNI "12345678"	1. Abrir formulario de creación de usuario  / 2. Completar datos con DNI ya existente / 3. Guardar	El sistema rechaza la operación y muestra un mensaje indicando que el DNI ya está registrado	Alta	Unitario	Guajardo Lautaro
TC-008	US-02	Validar que no se puede crear un usuario con correo ya existente	Existe un usuario registrado con correo "admin@mail.com"	Nuevo usuario con correo "admin@mail.com"	1. Abrir formulario de creación de usuario  / 2. Completar datos con correo ya existente  / 3. Guardar	El sistema rechaza la operación y muestra un mensaje indicando que el correo ya está registrado	Alta	Unitario	Guajardo Lautaro
TC-009	US-02	Editar los datos de un usuario de gestión existente	Usuario de gestión previamente creado	Nuevo nombre y correo válidos	1. Buscar y seleccionar usuario existente / 2. Modificar nombre y correo  / 3. Guardar cambios	Los datos del usuario se actualizan correctamente y el sistema muestra un mensaje de confirmación	Alta	Unitario	Guajardo Lautaro
TC-010	US-02	Editar el rol de un usuario de gestión existente	Usuario de gestión previamente creado con rol "Secretario"	Nuevo rol "Administrador"	1. Buscar y seleccionar usuario existente  / 2. Modificar el rol asignado / 3. Guardar cambios	El rol del usuario se actualiza correctamente y el sistema muestra un mensaje de confirmación	Alta	Funcional	Guajardo Lautaro
TC-011	US-02	Deshabilitar un usuario de gestión existente	Usuario de gestión activo en el sistema	Usuario seleccionado para deshabilitar	1. Buscar y seleccionar usuario existente / 2. Seleccionar opción Deshabilitar  / 3. Confirmar acción	El usuario queda deshabilitado y no puede acceder al sistema; se muestra mensaje de confirmación	Alta	Funcional	Guajardo Lautaro
TC-012	US-02	Verificar que cada acción (crear, editar, deshabilitar) muestra un mensaje de confirmación claro	Administrador logueado	Distintas acciones sobre usuarios (crear/editar/deshabilitar)	1. Realizar una acción de creación, edición o deshabilitación  / 2. Observar la respuesta del sistema	El sistema muestra un mensaje claro y específico confirmando la acción realizada	Media	Funcional	Guajardo Lautaro
TC-013	US-03	Dar de baja correctamente a un integrante	Administrador autenticado. Existe un integrante activo.	Integrante activo	1. Ingresar al módulo de usuarios. / 2. Seleccionar un integrante activo. / 3. Hacer clic en "Dar de baja". / 4. Confirmar la acción.	El sistema cambia el estado del integrante a Inactivo.	Media	Unitario	Rodriguez Gonzalo
TC-014	US-03	Verificar que un integrante dado de baja no pueda iniciar sesión	Existe un integrante con estado Inactivo.	Usuario y contraseña del integrante inactivo	1. Ir a la pantalla de inicio de sesión. / 2. Ingresar las credenciales del integrante dado de baja. / 3. Intentar iniciar sesión.	El sistema impide el inicio de sesión e informa que el usuario no puede acceder.	Baja	Unitario	Rodriguez Gonzalo
TC-015	US-03	Verificar que un integrante dado de baja no pueda operar en el sistema	El integrante fue dado de baja y posee un token o intenta acceder a funcionalidades protegidas.	Integrante inactivo	1. Intentar acceder a una funcionalidad del sistema con el integrante inactivo.	El sistema bloquea la operación y deniega el acceso a las funcionalidades.	Baja	Funcional	Rodriguez Gonzalo
TC-016	US-03	Confirmar la baja con un mensaje claro	Administrador autenticado. Existe un integrante activo.	Integrante activo	1. Dar de baja al integrante. / 2. Confirmar la acción.	El sistema muestra un mensaje claro indicando que la baja se realizó correctamente.	Baja	No funcional	Rodriguez Gonzalo
TC-017	US-05	Registrar correctamente un participante en una disciplina activa	El delegado está autenticado. La disciplina está activa. No existe una inscripción previa del participante en esa disciplina.	Nombre: Juan Pérez / DNI: 40123456 / Disciplina: Fútbol	1. Ingresar al registro de participantes. / 2. Completar nombre, DNI y disciplina. / 3. Confirmar el registro.	El participante se registra correctamente, queda asociado a la disciplina seleccionada y se generan automáticamente las cuotas correspondientes. Se muestra un mensaje de confirmación.	Alta	Integración	Rodriguez Gonzalo
TC-018	US-05	Validar que no se registre un participante con DNI duplicado en la misma disciplina	Existe un participante con el DNI indicado ya inscripto en la disciplina seleccionada.	Nombre: Juan Pérez / DNI: 40123456 / Disciplina: Fútbol	1. Ingresar al registro. / 2. Completar los datos utilizando un DNI ya registrado en Fútbol. / 3. Confirmar.	El sistema rechaza el registro e informa que ya existe un participante con ese DNI en la disciplina. No se crea una nueva inscripción ni se generan cuotas duplicadas.	Alta	Integración	Rodriguez Gonzalo
TC-019	US-05	Permitir que un participante se inscriba en múltiples disciplinas	Existe un participante registrado con el DNI indicado en una disciplina diferente. La nueva disciplina está activa.	Nombre: Juan Pérez / DNI: 40123456 / Disciplina: Básquet	1. Ingresar al registro. / 2. Completar los datos del participante. / 3. Seleccionar una disciplina diferente a la que ya tiene asociada. / 4. Confirmar.	El sistema permite el registro. El participante queda asociado también a la nueva disciplina y se generan las cuotas correspondientes a ella.	Alta	Integración	Rodriguez Gonzalo
TC-020	US-05	Impedir la inscripción en una disciplina inactiva	El delegado está autenticado. La disciplina seleccionada se encuentra inactiva.	Nombre: Juan Pérez / DNI: 40123456 / Disciplina: Natación (inactiva)	1. Ingresar al registro. / 2. Completar los datos. / 3. Seleccionar la disciplina inactiva. / 4. Confirmar.	El sistema rechaza la inscripción e informa que la disciplina seleccionada no está activa. No se crea la asociación ni se generan cuotas.	Alta	Integración	Rodriguez Gonzalo
TC-021	US-07	Validar la baja lógica de una persona	Existe un registro en personas con activo = true	dni: 30123456	1. Ejecutar acción de baja sobre la persona / 2. Consultar el registro en personas	El campo activo pasa a false; el registro sigue existiendo (no hay DELETE)	Alta	Funcional	Colque Condo Luis Alvaro
TC-022	US-07	Validar que no se pueda dar de baja una persona ya inactiva	Persona con activo = false	dni: 30123456	1. Intentar ejecutar baja nuevamente	La API rechaza la operación indicando que ya está inactiva	Media	Funcional	Colque Condo Luis Alvaro
TC-023	US-07	Validar el registro de auditoría al dar de baja una persona	Módulo de auditoría operativo	dni: 30123456	1. Dar de baja a la persona / 2. Consultar registros_auditoria filtrando por entidad "Persona" e idEntidad	Se inserta un registro con accion = BAJA, entidad = "Persona", idEntidad = id de la persona, responsableId = id del usuario que ejecutó la baja	Alta	No funcional	Colque Condo Luis Alvaro
TC-024	US-07	Validar que registros_auditoria no permita UPDATE ni DELETE (RNF03)	Existe al menos un registro de auditoría	ID de un registro existente	1. Intentar ejecutar UPDATE o DELETE directamente sobre registros_auditoria	La operación es rechazada a nivel de servicio/base de datos (tabla append-only)	Alta	No funcional	Colque Condo Luis Alvaro
TC-025	US-07	Validar el intento de baja sin permisos suficientes	Usuario autenticado sin rol habilitado	dni: 30123456	1. Intentar dar de baja sin el rol correspondiente	El sistema deniega la acción (403)	Alta	Funcional	Colque Condo Luis Alvaro
TC-026	US-12	Registrar un nuevo socio con datos válidos	Administrador autenticado.	Nombre, DNI, correo, teléfono y fecha de nacimiento válidos	1. Ingresar al módulo de socios. / 2. Completar el formulario de alta. / 3. Guardar.	El socio se registra correctamente en la base de datos y aparece en el listado.	Alta	Unitario	Gerbaudo Mateo
TC-027	US-12	Validar que no se pueda registrar un socio con DNI duplicado	Ya existe un socio con DNI 30111222.	DNI: 30111222	1. Completar formulario de alta con DNI existente. / 2. Guardar.	El sistema impide el registro e informa que el DNI ya está asociado a un socio.	Alta	Unitario	Gerbaudo Mateo
TC-028	US-12	Validar campos obligatorios vacíos	Administrador autenticado en el formulario de alta.	Nombre vacío	1. Dejar el campo nombre vacío. / 2. Completar el resto de los datos. / 3. Intentar guardar.	El sistema muestra un mensaje de error y no permite guardar hasta completar los campos obligatorios.	Media	Unitario	Gerbaudo Mateo
TC-029	US-12	Validar formato de correo electrónico	Administrador autenticado en el formulario de alta.	Correo: 'socio@invalido'	1. Ingresar un correo con formato inválido. / 2. Intentar guardar.	El sistema rechaza el valor e informa que el formato de correo no es válido.	Media	Unitario	Gerbaudo Mateo
TC-030	US-12	Verificar persistencia del socio en la base de datos (API/DB)	Socio registrado exitosamente vía UI.	Socio recién creado	1. Registrar un socio. / 2. Consultar el endpoint de la API (o la base de datos) para verificar el registro.	El registro del socio existe en la base de datos con los datos ingresados.	Alta	Integración	Gerbaudo Mateo
TC-031	US-12	Confirmar que el socio quede asociado al rol correspondiente	Administrador autenticado.	Datos válidos de un nuevo socio	1. Registrar un nuevo socio. / 2. Verificar el rol asignado.	El nuevo integrante queda registrado con el rol de Socio.	Media	Unitario	Gerbaudo Mateo
TC-032	US-12	Confirmar mensaje de éxito tras el registro	Datos válidos completos.	Datos válidos de un nuevo socio	1. Completar el formulario. / 2. Guardar.	Se muestra un mensaje de confirmación indicando que el socio fue registrado exitosamente.	Baja	Unitario	Gerbaudo Mateo
TC-033	US-13	Editar correctamente los datos de un socio existente	Administrador autenticado. Existe un socio registrado.	Nuevo teléfono y correo válidos	1. Seleccionar un socio existente. / 2. Modificar teléfono y correo. / 3. Guardar cambios.	Los datos del socio se actualizan correctamente y se reflejan en el listado.	Alta	Unitario	Gerbaudo Mateo
TC-034	US-13	Validar que no se pueda editar el DNI hacia uno ya existente en otro socio	Existen dos socios registrados (Socio A y Socio B).	DNI de Socio B asignado a Socio A	1. Editar el DNI del Socio A colocando el DNI del Socio B. / 2. Intentar guardar.	El sistema impide el guardado e informa que el DNI ya pertenece a otro socio.	Alta	Unitario	Gerbaudo Mateo
TC-035	US-13	Validar campos obligatorios al editar	Administrador autenticado editando un socio.	Nombre vacío	1. Borrar el campo nombre. / 2. Intentar guardar los cambios.	El sistema muestra un error y no permite guardar hasta completar el campo obligatorio.	Media	Unitario	Gerbaudo Mateo
TC-036	US-13	Cancelar la edición sin guardar cambios	Administrador autenticado editando un socio.	Datos modificados sin confirmar	1. Modificar algún dato del socio. / 2. Hacer clic en Cancelar.	El sistema descarta los cambios y los datos originales del socio permanecen intactos.	Baja	Unitario	Gerbaudo Mateo
TC-037	US-13	Verificar persistencia de los cambios en la base de datos (API/DB)	Socio editado exitosamente vía UI.	Datos actualizados del socio	1. Editar los datos de un socio. / 2. Guardar. / 3. Consultar el endpoint de la API (o la base de datos) para verificar la actualización.	Los datos actualizados del socio están reflejados correctamente en la base de datos.	Alta	Integración	Gerbaudo Mateo
TC-038	US-13	Confirmar mensaje de éxito tras la edición	Datos válidos completos al editar.	Datos válidos modificados	1. Editar los datos del socio. / 2. Guardar cambios.	Se muestra un mensaje de confirmación indicando que los datos se actualizaron correctamente.	Baja	Unitario	Gerbaudo Mateo
TC-039	US-14	Validar la baja lógica de un socio	Existe un registro en personas con activo = true	dni: 30123456	1. Ingresar al detalle del socio / 2. Click en "Dar de baja" / 3. Confirmar la acción	El campo activo del socio pasa a false; el registro sigue existiendo (no hay DELETE)	Alta	Funcional	Colque Condo Luis Alvaro
TC-040	US-14	Validar que no se pueda dar de baja un socio ya inactivo	Persona con activo = false	dni: 30123456	1. Intentar dar de baja nuevamente al mismo socio	El sistema rechaza la operación indicando que el socio ya está inactivo	Media	Funcional	Colque Condo Luis Alvaro
TC-041	US-14	Validar el intento de baja sin permisos suficientes	Usuario autenticado sin rol habilitado	dni: 30123456	1. Intentar dar de baja sin el rol correspondiente	El sistema deniega la acción (403)	Alta	Funcional	Colque Condo Luis Alvaro
TC-042	US-14	Validar el registro de auditoría al dar de baja un socio (RF12)	Módulo de auditoría operativo	dni: 30123456	1. Dar de baja al socio / 2. Consultar registros_auditoria filtrando por entidad "Persona" e idEntidad	Se inserta un registro con accion = BAJA, entidad = "Persona", idEntidad = id del socio, responsableId = id del usuario que ejecutó la baja, fechaHora = momento de la operación	Alta	No funcional	Colque Condo Luis Alvaro
TC-043	US-14	Validar que un socio dado de baja no aparezca en el listado activo	Socio dado de baja (ver TC-014-01)	dni: 30123456	1. Consultar el listado de socios activos	El socio no figura en el listado, pero sigue existiendo en la base	Media	Funcional	Colque Condo Luis Alvaro
TC-044	US-15	Buscar un socio por nombre con coincidencia exacta	Secretario logueado, existe un socio llamado "Juan Pérez"	Nombre = "Juan Pérez"	1. Abrir módulo de búsqueda de socios / 2. Ingresar nombre completo / 3. Ejecutar búsqueda	El sistema muestra el socio "Juan Pérez" con sus datos básicos (nombre, DNI y categoría)	Alta	Unitario	Guajardo Lautaro
TC-045	US-15	Buscar un socio por nombre con coincidencia parcial	Secretario logueado, existe un socio llamado "Juan Pérez"	Nombre = "Juan"	1. Abrir módulo de búsqueda de socios / 2. Ingresar parte del nombre / 3. Ejecutar búsqueda	El sistema muestra todos los socios cuyo nombre contiene "Juan"	Alta	Unitario	Guajardo Lautaro
TC-046	US-15	Filtrar socios por categoría	Secretario logueado, existen socios con categorías "Activo" y "Vitalicio"	Categoría = "Vitalicio"	1. Abrir módulo de búsqueda de socios / 2. Seleccionar filtro de categoría Vitalicio / 3. Ejecutar búsqueda	El sistema muestra únicamente los socios con categoría "Vitalicio"	Alta	Funcional	Guajardo Lautaro
TC-047	US-15	Verificar que los resultados muestran los datos básicos requeridos	Secretario logueado, existe al menos un socio registrado	Nombre = "María López"	1. Abrir módulo de búsqueda de socios / 2. Ingresar nombre / 3. Ejecutar búsqueda	El sistema muestra el resultado con nombre, DNI y categoría del socio	Media	Funcional	Guajardo Lautaro
TC-048	US-15	Verificar el mensaje al no encontrar coincidencias	Secretario logueado	Nombre = "Nombre Inexistente"	1. Abrir módulo de búsqueda de socios / 2. Ingresar un nombre que no existe en el sistema / 3. Ejecutar búsqueda	El sistema muestra el mensaje "No se encontraron resultados"	Alta	Unitario	Guajardo Lautaro
TC-049	US-15	Combinar filtro de nombre y categoría en una misma búsqueda	Secretario logueado, existen socios con distintos nombres y categorías	Nombre = "Juan", Categoría = "Activo"	1. Abrir formulario de creación de usuario / 2. Completar datos básicos y rol / 3. Guardar	El sistema muestra únicamente los socios que cumplen ambos criterios combinados	Alta	Integración	Guajardo Lautaro
TC-050	US-15	Verificar que la combinación de filtros sin coincidencias muestra el mensaje correspondiente	Secretario logueado	Nombre = "Pedro", Categoría = "Vitalicio" (sin socios que cumplan ambas condiciones)	1. Abrir formulario de creación de usuario / 2. Completar datos con DNI ya existente / 3. Guardar	El sistema muestra el mensaje "No se encontraron resultados"	Media	Integración	Guajardo Lautaro
TC-051	US-20	Configurar correctamente una cuota por disciplina y categoría	Administrador autenticado. Existen disciplinas y categorías cargadas.	Disciplina: Fútbol, Categoría: Sub-15, Monto: $5000	1. Ingresar al módulo de cuotas. / 2. Seleccionar disciplina y categoría. / 3. Ingresar el monto. / 4. Guardar.	El sistema guarda la cuota y la asocia correctamente a la disciplina y categoría seleccionadas.	Alta	Unitario	Gerbaudo Mateo
TC-052	US-20	Validar que el monto no pueda ser negativo	Administrador autenticado en el módulo de cuotas.	Monto: -500	1. Seleccionar disciplina y categoría. / 2. Ingresar un monto negativo. / 3. Intentar guardar.	El sistema rechaza el valor e informa que el monto debe ser positivo.	Alta	Unitario	Gerbaudo Mateo
TC-053	US-20	Validar que el monto no pueda quedar vacío	Administrador autenticado en el módulo de cuotas.	Monto: (vacío)	1. Seleccionar disciplina y categoría. / 2. Dejar el campo monto vacío. / 3. Intentar guardar.	El sistema muestra un mensaje de error y no permite guardar la cuota.	Media	Unitario	Gerbaudo Mateo
TC-054	US-20	Actualizar el monto de una cuota ya configurada	Existe una cuota configurada para Fútbol - Sub-15.	Nuevo monto: $6000	1. Ingresar al módulo de cuotas. / 2. Seleccionar la cuota existente. / 3. Modificar el monto. / 4. Guardar cambios.	El sistema actualiza el monto de la cuota correctamente.	Alta	Unitario	Gerbaudo Mateo
TC-055	US-20	Impedir cuotas duplicadas para la misma disciplina y categoría	Ya existe una cuota configurada para Fútbol - Sub-15.	Disciplina: Fútbol, Categoría: Sub-15	1. Intentar crear una nueva cuota para la misma disciplina y categoría. / 2. Guardar.	El sistema impide la creación duplicada e informa que ya existe una cuota configurada.	Media	Unitario	Gerbaudo Mateo
TC-056	US-20	Verificar que solo el administrador pueda configurar cuotas	Usuario autenticado con rol distinto a Administrador.	Usuario con rol Secretario	1. Intentar acceder al módulo de configuración de cuotas.	El sistema deniega el acceso e informa que no posee permisos suficientes.	Alta	Unitario	Gerbaudo Mateo
TC-057	US-20	Listar las cuotas configuradas por disciplina y categoría	Existen varias cuotas configuradas.	Cuotas cargadas para Fútbol, Básquet y Vóley	1. Ingresar al módulo de cuotas. / 2. Visualizar el listado.	El sistema muestra todas las cuotas agrupadas por disciplina y categoría.	Baja	Unitario	Gerbaudo Mateo
TC-058	US-20	Confirmar mensaje de éxito al guardar la configuración	Datos válidos de disciplina, categoría y monto.	Disciplina: Básquet, Categoría: Sub-17, Monto: $4500	1. Completar el formulario de cuota. / 2. Guardar.	Se muestra un mensaje de confirmación indicando que la cuota se configuró correctamente.	Baja	Unitario	Gerbaudo Mateo
TC-059	US-29	Validar la creación de un evento con datos válidos	Usuario autenticado con rol habilitado	nombre: Torneo de fútbol interno / descripcion: Torneo entre socios / entradasDisponibles: 50	1. POST a /eventos con los datos / 2. Confirmar creación	Se crea el registro en eventos con los valores ingresados y creadoEn seteado	Alta	Funcional	Colque Condo Luis Alvaro
TC-060	US-29	Validar que entradasDisponibles no acepte valores negativos (RN11)	Usuario autenticado con rol habilitado	entradasDisponibles: -5	1. Enviar creación de evento con entradasDisponibles negativo	La API rechaza la operación (400) y no se crea el registro	Alta	Funcional	Colque Condo Luis Alvaro
TC-061	US-29	Validar que nombre sea obligatorio	Usuario autenticado con rol habilitado	nombre: null	1. Enviar creación de evento sin nombre	La API rechaza la operación por violar el constraint NOT NULL de nombre	Media	Funcional	Colque Condo Luis Alvaro
TC-062	US-29	Validar el registro de auditoría al crear un evento	Usuario autenticado / Módulo de auditoría operativo	Evento válido (ver TC-029-01)	1. Crear evento / 2. Consultar registros_auditoria filtrando por entidad "Evento"	Se inserta un registro con accion = CREAR, entidad = "Evento", idEntidad = id del evento creado, responsableId = id del usuario autenticado	Alta	No funcional	Colque Condo Luis Alvaro
TC-063	US-30	Generar una entrada única con identificador	Administrador logueado, evento creado	Cantidad de entradas = 1	1. Abrir módulo de generación de entradas / 2. Seleccionar cantidad de entradas / 3. Confirmar generación	Se genera una entrada con un identificador único creado por el sistema	Alta	Unitario	Guajardo Lautaro
TC-064	US-30	Verificar que cada entrada se registra como único registro en la base de datos	Administrador logueado, evento creado	Cantidad de entradas = 3	1. Abrir módulo de generación de entradas / 2. Seleccionar cantidad de entradas / 3. Confirmar generación / 4. Consultar base de datos	Se crean 3 registros distintos en la base de datos, cada uno con su propio identificador	Alta	Integración	Guajardo Lautaro
TC-065	US-30	Validar que el sistema no permite identificadores duplicados	Existe al menos una entrada generada previamente en el sistema	Intento de generación forzando un identificador ya existente	1. Abrir módulo de generación de entradas / 2. Forzar/simular generación con un identificador ya utilizado / 3. Confirmar generación	El sistema rechaza la operación y no permite crear una entrada con un identificador duplicado	Alta	Unitario	Guajardo Lautaro
TC-066	US-30	Verificar que el administrador puede seleccionar la cantidad de entradas a generar	Administrador logueado, evento creado	Cantidad de entradas = 5	1. Abrir módulo de generación de entradas / 2. Ingresar cantidad de entradas / 3. Confirmar generación	El sistema genera exactamente 5 entradas según lo indicado por el administrador	Media	Unitario	Guajardo Lautaro
TC-067	US-30	Verificar que cada entrada tiene un código QR único generado con qrcode.js	Administrador logueado, evento creado	Cantidad de entradas = 2	1. Abrir módulo de generación de entradas / 2. Seleccionar cantidad de entradas / 3. Confirmar generación / 4. Visualizar los QR generados	Se generan 2 códigos QR distintos, cada uno asociado a una entrada diferente	Alta	Funcional	Guajardo Lautaro
TC-068	US-30	Validar que el QR contiene un identificador/token seguro	Entrada generada previamente	Entrada con QR generado	1. Escanear o decodificar el QR generado / 2. Verificar el contenido del token	El QR contiene un identificador seguro (UUID o hash firmado), no información sensible ni predecible	Alta	Funcional	Guajardo Lautaro
TC-069	US-30	Verificar que la compra de varias entradas genera múltiples QRs individuales	Administrador logueado, evento creado	Cantidad de entradas = 4	1. Abrir módulo de generación de entradas / 2. Seleccionar cantidad de entradas / 3. Confirmar generación / 4. Verificar QRs generados	Se generan 4 QRs distintos, uno por cada entrada, y no un único QR compartido para todas	Media	Funcional	Guajardo Lautaro
TC-070	US-32	Validar que toda operación de alta se registre en el log de auditoría	Módulo de auditoría operativo	Creación de un socio o evento	1. Ejecutar una operación de alta / 2. Consultar registros_auditoria	Se inserta un registro con accion = CREAR, entidad correspondiente, idEntidad, responsableId y fechaHora correctos	Alta	No funcional	Colque Condo Luis Alvaro
TC-071	US-32	Validar que toda operación de baja se registre en el log de auditoría	Módulo de auditoría operativo	Baja de un socio	1. Ejecutar una baja / 2. Consultar registros_auditoria	Se inserta un registro con accion = BAJA y los datos de la operación	Alta	No funcional	Colque Condo Luis Alvaro
TC-072	US-32	Validar que toda operación de edición se registre en el log de auditoría	Módulo de auditoría operativo	Modificación de datos de un socio	1. Editar datos de un socio / 2. Consultar registros_auditoria	Se inserta un registro con accion = EDITAR y los datos de la operación	Alta	No funcional	Colque Condo Luis Alvaro
TC-073	US-32	Validar que se registren los intentos de login fallido	Usuario existente en el sistema	Email válido / contraseña incorrecta	1. Intentar iniciar sesión con contraseña incorrecta / 2. Consultar registros_auditoria	Se inserta un registro con accion = LOGIN_FALLIDO	Media	Funcional	Colque Condo Luis Alvaro
TC-074	US-32	Validar que la tabla de auditoría sea inalterable (RF12 / RNF03)	Existe al menos un registro de auditoría	ID de un registro existente	1. Intentar ejecutar UPDATE o DELETE directamente sobre registros_auditoria	La operación es rechazada a nivel de servicio/base de datos (tabla solo permite INSERT)	Alta	No funcional	Colque Condo Luis Alvaro
TC-075	US-32	Validar que el registro incluya fecha, hora y usuario responsable (RF12)	Módulo de auditoría operativo	Cualquier operación auditable	1. Ejecutar una operación auditable / 2. Consultar el registro generado	El registro contiene fechaHora, responsableId y accion con valores no nulos	Alta	Funcional	Colque Condo Luis Alvaro
TC-076	US-32	Validar que se pueda filtrar el log por entidad e idEntidad	Existen múltiples registros de auditoría de distintas entidades	entidad: Persona	1. Consultar registros_auditoria filtrando por entidad "Persona"	Se retornan únicamente los registros correspondientes a esa entidad	Media	Funcional	Colque Condo Luis Alvaro
TC-077	US-38	Registrarse con datos válidos	Usuario sin sesión en la pantalla de login	Nombre, apellido, email y contraseña válidos (p. ej. Ana / Pérez / ana@test.com / Nuevo123!)	1. En /login hacer clic en "Registrate"  / 2. Completar nombre, apellido, email y contraseña válida  / 3. Hacer clic en "Crear cuenta"	La cuenta se crea, se muestra un mensaje de éxito y redirige a /login (no inicia sesión automáticamente)	Alta	Funcional	Gazzola Lucas
TC-078	US-38	Iniciar sesión con la cuenta recién registrada	Existe una cuenta creada mediante el registro público	Email y contraseña usados en el registro	1. En /login ingresar las credenciales registradas  / 2. Iniciar sesión	El usuario accede correctamente al sistema (el registro complementa el login US-39)	Alta	Integración	Gazzola Lucas
TC-079	US-38	El usuario auto-registrado no recibe roles	Cuenta creada mediante el registro público	Cuenta sin roles asignados	1. Iniciar sesión con la cuenta registrada  / 2. Observar el menú lateral	El usuario solo ve "Inicio"; no puede acceder a Socios ni Usuarios por no tener roles	Alta	Funcional	Gazzola Lucas
TC-080	US-38	Rechazar registro con email ya existente	Existe un usuario registrado con el email a utilizar	Email repetido	1. Completar el formulario de registro con un email ya registrado  / 2. Hacer clic en "Crear cuenta"	El sistema no crea la cuenta e informa que ya existe un usuario con ese email (HTTP 409)	Alta	Funcional	Gazzola Lucas
TC-081	US-38	Validar contraseña débil	Usuario sin sesión en la pantalla de registro	Contraseña que no cumple la política (p. ej. "hola")	1. Completar el formulario con una contraseña menor a 8 caracteres o sin mayúscula/minúscula/número/carácter especial  / 2. Hacer clic en "Crear cuenta"	El formulario rechaza el envío y exige mínimo 8 caracteres con mayúscula, minúscula, número y carácter especial	Media	Unitario	Gazzola Lucas
TC-082	US-38	Validar email con formato inválido	Usuario sin sesión en la pantalla de registro	Email con formato inválido (p. ej. "ana@")	1. Completar el formulario con un email inválido  / 2. Hacer clic en "Crear cuenta"	El formulario muestra "Ingresá un email válido" y no envía la solicitud	Media	Unitario	Gazzola Lucas
TC-083	US-38	Validar campos obligatorios (nombre y apellido)	Usuario sin sesión en la pantalla de registro	Nombre y/o apellido vacíos	1. Dejar el nombre o el apellido vacío  / 2. Hacer clic en "Crear cuenta"	El formulario indica que el nombre y el apellido son obligatorios y no envía	Baja	Unitario	Gazzola Lucas
TC-084	US-38	Impedir auto-asignación de rol (escalada de privilegios)	Registro público disponible	Petición a POST /auth/register incluyendo el campo roles: ["ADMIN"]	1. Enviar una solicitud de registro que incluya el campo "roles"	El backend rechaza la solicitud (HTTP 400) por campo no permitido; no se crea un usuario con rol	Alta	Funcional	Gazzola Lucas
TC-085	US-39	Iniciar sesión con credenciales válidas	Existe un usuario activo registrado	Email y contraseña correctos	1. Ir a /login  / 2. Ingresar email y contraseña correctos  / 3. Hacer clic en "Ingresar"	El usuario accede al panel y queda con la sesión iniciada (cookie de sesión seteada)	Alta	Funcional	Gazzola Lucas
TC-086	US-39	Rechazar inicio de sesión con credenciales inválidas	Existe un usuario activo registrado	Email correcto y contraseña incorrecta	1. Ingresar el email correcto y una contraseña incorrecta / 2. Hacer clic en "Ingresar"	No inicia sesión y muestra "Credenciales inválidas" (HTTP 401)	Alta	Funcional	Gazzola Lucas
TC-087	US-39	No revelar si el email está registrado	Usuario sin sesión en la pantalla de login	Email no registrado	1. Intentar iniciar sesión con un email inexistente	Devuelve el mismo error genérico "Credenciales inválidas"; no informa si el email existe	Media	Funcional	Gazzola Lucas
TC-088	US-40	Cerrar sesión correctamente	Usuario con sesión iniciada	Sesión activa	1. Hacer clic en "Cerrar sesión"	Cierra la sesión, elimina la cookie de sesión y redirige a /login	Alta	Funcional	Gazzola Lucas
TC-089	US-40	Bloquear el acceso a secciones protegidas tras cerrar sesión	El usuario cerró sesión	Sin sesión activa	1. Tras cerrar sesión, intentar acceder a una sección protegida (o volver atrás en el navegador)	El sistema redirige a /login y no permite el acceso (HTTP 401 en la API)	Alta	Funcional	Gazzola Lucas
TC-090	US-40	Limpiar los datos de sesión en el cliente al cerrar sesión	Usuario con sesión iniciada y datos ya cargados (socios/usuarios)	Sesión activa con datos en caché	1. Cerrar sesión  / 2. Iniciar sesión con otra cuenta	No se muestran datos cacheados de la sesión anterior (se limpia el caché de la aplicación)	Media	Funcional	Gazzola Lucas
TC-091	US-16	Configurar la cuota social de una categoría para el período siguiente	Administrador logueado; existe la categoría de socio	categoriaId de "Cuota General", monto 15000, sin período explícito	1. Abrir Cuotas > Cuota social / 2. Elegir la categoría y el monto / 3. Guardar	El sistema crea la configuración con el período siguiente (YYYY-MM), la deja inactiva hasta que ese período llegue y registra la operación en auditoría (HTTP 201)	Alta	Funcional	Gazzola Lucas
TC-092	US-16	Rechazar un período de aplicación anterior al siguiente	Administrador logueado	categoriaId válido, monto 15000, periodoAplicacion de un mes ya pasado	1. Enviar la configuración indicando un período pasado	El sistema responde 400 con el mensaje "El período AAAA-MM no es válido: los cambios de cuota aplican a partir del período siguiente (AAAA-MM)"	Alta	Funcional	Gazzola Lucas
TC-093	US-16	Rechazar el período actual: los cambios aplican desde el siguiente	Administrador logueado	categoriaId válido, monto 15000, periodoAplicacion = mes en curso	1. Enviar la configuración indicando el mes en curso	El sistema responde 400 y no guarda la configuración: el mínimo admitido es el período siguiente	Alta	Funcional	Gazzola Lucas
TC-094	US-16	Rechazar un monto menor o igual a cero	Administrador logueado	categoriaId válido, monto 0	1. Enviar la configuración con monto 0	El sistema responde 400 indicando que el monto no puede ser menor a 0.01 y no guarda la configuración	Alta	Unitario	Gazzola Lucas
TC-095	US-16	Rechazar un período con formato inválido	Administrador logueado	periodoAplicacion "2026-13"	1. Enviar la configuración con el período mal formado	El sistema responde 400 con el mensaje "periodoAplicacion debe tener el formato YYYY-MM (ej: 2026-10)"	Media	Unitario	Gazzola Lucas
TC-096	US-16	Rechazar una categoría de socio inexistente	Administrador logueado	categoriaId inexistente, monto 15000	1. Enviar la configuración con una categoría que no existe	El sistema responde 404 con el mensaje "Categoría de socio no encontrada"	Alta	Funcional	Gazzola Lucas
TC-097	US-16	Actualizar el monto de una configuración ya existente para el mismo período	Existe una configuración de esa categoría y ese período	Mismo categoriaId y período, monto distinto	1. Enviar la configuración con el monto nuevo	El sistema actualiza el monto de la configuración existente en lugar de duplicarla y registra la edición en auditoría	Alta	Funcional	Gazzola Lucas
TC-098	US-16	Mantener una sola cuota social vigente por categoría	Existen dos configuraciones de la misma categoría, una de ellas activa	id de la configuración a activar, activo = true	1. Activar la otra configuración de la misma categoría	El sistema activa la indicada y desactiva automáticamente las demás de esa categoría	Alta	Integración	Gazzola Lucas
TC-099	US-16	Calcular el período siguiente cuando el mes en curso es diciembre	Sistema con fecha en diciembre	Configuración sin período explícito	1. Configurar la cuota social sin indicar el período	El sistema toma enero del año siguiente como período de aplicación (no diciembre ni un mes 13)	Media	Unitario	Gazzola Lucas
TC-100	US-16	Impedir configurar la cuota social sin rol de administrador	Usuario logueado sin rol ADMIN	Petición POST /cuota-social	1. Enviar la configuración con un usuario SOCIO	El sistema responde 403 con el mensaje "No tenés permisos suficientes para esta operación"	Alta	No funcional	Gazzola Lucas
TC-101	US-16	Consultar la cuota social vigente de cada categoría	Existen configuraciones de períodos pasados y futuros	Sin parámetros	1. Consultar las cuotas vigentes	El sistema devuelve, por categoría, la configuración del período más reciente que ya esté vigente, ignorando las futuras	Media	Funcional	Gazzola Lucas
TC-102	US-32	No dejar registro en el log si la operación auditada se revierte	Usuario logueado ejecutando una operación auditable	Operación que falla después de registrar la auditoría	1. Ejecutar una operación auditable que se interrumpa antes de confirmarse	El registro de auditoría se descarta junto con la operación: la auditoría se escribe dentro de la misma transacción (RNF07) y no queda rastro de algo que no ocurrió	Alta	No funcional	Gazzola Lucas
TC-103	US-32	Filtrar el log de auditoría por tipo de acción	Administrador logueado; el log tiene registros de varias acciones	accion = CREAR	1. Abrir Auditoría / 2. Filtrar por la acción CREAR	El sistema devuelve únicamente los registros de esa acción, del más reciente al más antiguo	Alta	Funcional	Gazzola Lucas
TC-104	US-32	Filtrar el log de auditoría por rango de fechas	Administrador logueado; el log tiene registros de distintas fechas	fechaDesde y fechaHasta	1. Filtrar el log indicando el rango de fechas	El sistema devuelve solo los registros comprendidos en ese rango; admite también un solo extremo del rango	Media	Funcional	Gazzola Lucas
TC-105	US-32	Paginar el log de auditoría y devolver el total de registros	Administrador logueado; el log tiene más registros que el tamaño de página	pagina 3, porPagina 20	1. Consultar la tercera página del log	El sistema devuelve los registros de esa página (salteando los 40 anteriores) junto con el total, la página y el tamaño de página	Media	Funcional	Gazzola Lucas
TC-106	US-32	Rechazar un filtro con una acción inexistente	Administrador logueado	accion = "INVENTADA"	1. Consultar el log filtrando por una acción que no existe	El sistema responde 400 enumerando las acciones válidas (CREAR, EDITAR, BAJA, REACTIVAR, LOGIN, LOGOUT, LOGIN_FALLIDO)	Media	Unitario	Gazzola Lucas
TC-107	US-32	Impedir consultar el log de auditoría sin rol de administrador	Usuario logueado sin rol ADMIN	Petición GET /auditoria	1. Consultar el log con un usuario SOCIO	El sistema responde 403 con el mensaje "No tenés permisos suficientes para esta operación"	Alta	No funcional	Gazzola Lucas
TC-108	US-21	Registrar el pago de varias cuotas deportivas en una sola operación	Secretario (ADMIN/COLABORADOR) logueado; participante inscripto y activo en una disciplina con cuota deportiva configurada y varios períodos adeudados	personaId, disciplinaId y periodos=['2026-07','2026-08'], metodoPago=EFECTIVO	1. Buscar al participante por DNI / 2. Seleccionar la disciplina y marcar dos períodos pendientes / 3. Presionar Registrar cobro	El sistema registra ambos pagos de forma atómica, informa el monto total y los períodos cubiertos	Alta	Funcional	Guajardo Lautaro
TC-109	US-21	Registrar el pago de un único período	Secretario logueado; participante con al menos un período deportivo pendiente	personaId, disciplinaId y periodos=['2026-08']	1. Buscar al participante por DNI / 2. Marcar un solo período / 3. Registrar cobro	El sistema registra el pago del período seleccionado y muestra el comprobante	Alta	Funcional	Guajardo Lautaro
TC-110	US-21	Cambiar el estado del integrante a 'al día' al saldar todos los períodos	Secretario logueado; participante con un único período pendiente en la disciplina	personaId, disciplinaId y el último período pendiente	1. Registrar el pago del período pendiente / 2. Observar el estado de deuda devuelto	El sistema devuelve estadoDeudaActual='AL_DIA' y cuotasPendientesRestantes=0 de forma inmediata	Alta	Funcional	Colque Condo Luis Alvaro
TC-111	US-21	Registrar monto, fecha/hora, período y usuario responsable del cobro	Secretario logueado; participante con período pendiente	personaId, disciplinaId, periodos=['2026-08']	1. Registrar el pago / 2. Consultar el registro de auditoría y el pago creado	El pago guarda monto, fechaPago (fecha y hora), período y responsableId; la auditoría registra una acción CREAR sobre PagoCuotaDeportiva	Alta	Integración	Colque Condo Luis Alvaro
TC-112	US-21	Rechazar el pago de un período que ya figura como pagado	Secretario logueado; el período ya tiene un pago deportivo registrado para esa disciplina	personaId, disciplinaId y un periodo ya pagado	1. Intentar registrar el pago de un período ya pagado	El sistema rechaza la operación con 409 (Conflict) e informa que el/los período(s) ya figuran como pagados	Alta	Funcional	Gerbaudo Mateo
TC-113	US-21	Rechazar el pago si el participante no está inscripto en la disciplina	Secretario logueado; participante sin inscripción activa en la disciplina indicada	personaId y disciplinaId de una disciplina en la que no está inscripto	1. Enviar POST /pagos-deportivos/persona/:id con esa disciplina	El sistema responde 400 e informa que el participante no tiene inscripción activa en la disciplina	Media	Funcional	Gerbaudo Mateo
TC-114	US-21	Rechazar el pago de períodos futuros	Secretario logueado; participante inscripto	periodos con un período mayor al actual (ej: 2099-01)	1. Enviar la solicitud con un período futuro	El sistema responde 400 e informa que no se permiten pagos de períodos futuros	Media	Unitario	Rodriguez Gonzalo
TC-115	US-21	Rechazar el pago si no hay cuota deportiva configurada (monto 0)	Secretario logueado; disciplina/categoría sin configuración de cuota deportiva vigente	personaId, disciplinaId y un período sin monto configurado	1. Registrar el pago para un período sin cuota configurada	El sistema responde 400 e informa que no hay una cuota deportiva configurada para ese período	Media	Funcional	Rodriguez Gonzalo
TC-116	US-21	Impedir el acceso al cobro sin rol autorizado	Usuario autenticado con solo rol SOCIO o DELEGADO	Petición a POST /pagos-deportivos/persona/:id	1. Llamar al endpoint con un usuario SOCIO	El sistema responde 403 (sin permisos)	Media	No funcional	Guajardo Lautaro
TC-117	US-21	Visualizar las cuotas deportivas pendientes por disciplina	Secretario logueado; participante con deuda en una o más disciplinas	DNI del participante	1. Ingresar a Cobrar cuota deportiva / 2. Buscar al participante por DNI	El sistema muestra el estado de deuda y las cuotas pendientes agrupadas por disciplina con su monto	Media	Funcional	Colque Condo Luis Alvaro
TC-118	US-41	Cambiar la contraseña del usuario autenticado con la contraseña actual correcta	Usuario con sesión activa (cookie access_token)	passwordActual = "Socio123!", nuevaContrasena = "Nueva123!", confirmarNuevaContrasena = "Nueva123!"	1. Iniciar sesión con la contraseña actual / 2. Entrar a "Mi Perfil" y presionar el botón "Cambiar contraseña" (abre la página de cambio) / 3. Completar contraseña actual, nueva contraseña y su confirmación / 4. Presionar "Guardar nueva contraseña"	El sistema responde 200 con el mensaje "Contraseña actualizada correctamente", guarda el hash de la nueva contraseña (nunca el texto plano), registra el cambio en la auditoría, cierra la sesión borrando la cookie de acceso y la UI redirige a /login	Alta	Funcional	Gazzola Lucas
TC-119	US-41	Rechazar el cambio si la contraseña actual es incorrecta	Usuario con sesión activa cuya contraseña es "Socio123!"	passwordActual = "Otra1234!", nuevaContrasena = "Nueva123!"	1. Iniciar sesión / 2. Entrar a "Mi Perfil" y presionar el botón "Cambiar contraseña" / 3. Completar una contraseña actual que no es la del usuario / 4. Presionar "Guardar nueva contraseña"	El sistema responde 401 con el mensaje "La contraseña actual es incorrecta", no modifica la contraseña almacenada y no registra ningún cambio en la auditoría	Alta	Funcional	Gazzola Lucas
TC-120	US-41	Rechazar una nueva contraseña que no cumple la política de complejidad	Usuario con sesión activa	nuevaContrasena = "corton1!", "sinmayusculas1!", "SINMINUSCULAS1!", "SinNumerosAA!", "SinEspecial1A"	1. Entrar a "Mi Perfil" y presionar el botón "Cambiar contraseña" / 2. Completar la contraseña actual correcta / 3. Ingresar una nueva contraseña sin mayúscula, sin minúscula, sin número o sin carácter especial / 4. Presionar "Guardar nueva contraseña"	El sistema responde 400 informando que la contraseña debe contener al menos una mayúscula, una minúscula, un número y un carácter especial, y no guarda ningún cambio	Alta	Funcional	Gazzola Lucas
TC-121	US-41	Rechazar el cambio si la confirmación no coincide con la nueva contraseña	Usuario con sesión activa	nuevaContrasena = "Nueva123!", confirmarNuevaContrasena = "Distinta123!"	1. Entrar a "Mi Perfil" y presionar el botón "Cambiar contraseña" / 2. Completar la contraseña actual correcta / 3. Confirmar con una contraseña distinta de la nueva / 4. Presionar "Guardar nueva contraseña"	El sistema no guarda ningún cambio: la API responde 400 con el mensaje "La confirmación no coincide con la nueva contraseña." y el formulario marca el error en el campo de confirmación	Alta	Funcional	Gazzola Lucas
TC-122	US-41	Permitir el cambio a cualquier usuario autenticado sin exigir ningún rol	Usuario con sesión activa y sin roles asignados (socio auto-registrado)	PATCH /auth/cambiar-contrasena con passwordActual correcta	1. Iniciar sesión con un usuario que no tiene roles / 2. Entrar a "Mi Perfil", presionar "Cambiar contraseña" y cambiar la contraseña / 3. Verificar el resultado de la operación	El sistema responde 200 y cambia la contraseña: el endpoint sólo exige sesión activa, sin chequeo de roles ni permisos	Media	No funcional	Gazzola Lucas
TC-123	US-41	Registrar el cambio de contraseña en la auditoría	Usuario con sesión activa; existe un usuario con rol ADMIN para consultar el log	Cambio de contraseña válido	1. Cambiar la contraseña con datos válidos / 2. Iniciar sesión con un usuario con rol ADMIN / 3. Consultar el log de auditoría y filtrar por la entidad Usuario	El log muestra una entrada con acción EDITAR, entidad Usuario, el usuario como responsable y el detalle "Cambio de contraseña propio (US-41)"	Alta	Integración	Gazzola Lucas
TC-124	US-41	Rechazar una nueva contraseña igual a la actual	Usuario con sesión activa	nuevaContrasena = confirmarNuevaContrasena = contraseña actual	1. Entrar a "Mi Perfil" y presionar el botón "Cambiar contraseña" / 2. Completar la contraseña actual correcta / 3. Ingresar como nueva contraseña la misma que la actual / 4. Presionar "Guardar nueva contraseña"	El sistema responde 400 con el mensaje "La nueva contraseña no puede ser igual a la actual" y no escribe nada	Media	Funcional	Gazzola Lucas
TC-125	US-41	Rechazar el cambio si la sesión no corresponde a un usuario existente	Petición con un token de sesión cuyo usuario ya no está en la base	PATCH /auth/cambiar-contrasena con token de un usuario inexistente	1. Enviar la petición con un token de sesión de un usuario inexistente / 2. Observar la respuesta de la API	El sistema responde 401 con el mensaje "Sesión inválida" y no modifica ninguna contraseña	Media	No funcional	Gazzola Lucas
TC-126	US-41	Iniciar sesión con la nueva contraseña después del cambio	Usuario que acaba de cambiar su contraseña	Login con la contraseña nueva y con la anterior	1. Cambiar la contraseña con datos válidos (la sesión se cierra automáticamente y la UI va a /login) / 2. Iniciar sesión con la nueva contraseña / 3. Intentar iniciar sesión con la contraseña anterior	El login con la nueva contraseña emite un JWT válido y el login con la anterior es rechazado por contraseña incorrecta	Alta	Funcional	Gazzola Lucas
TC-127	US-41	Navegar desde Mi Perfil a la página de cambio de contraseña	Usuario con sesión activa	Navegación por la interfaz (no requiere datos)	1. Iniciar sesión / 2. Ir a "Mi Perfil" / 3. Presionar el botón "Cambiar contraseña" de la sección "Seguridad de la cuenta" / 4. Presionar "Volver a Mi Perfil"	El sistema abre la página /perfil/cambiar-contrasena con su título y el formulario (ya no embebido en Mi Perfil); "Volver a Mi Perfil" regresa a /perfil	Media	Funcional	Gazzola Lucas
TC-128	US-22	Consultar el historial con período, fecha, monto y usuario que registró	Administrador logueado; jugador con al menos un pago de cuota deportiva registrado	personaId del jugador	1. Ingresar a Historial de cuotas deportivas / 2. Buscar al jugador por DNI	El historial muestra cada pago con período, fecha de pago, monto y el usuario que lo registró	Alta	Funcional	Guajardo Lautaro
TC-129	US-22	Filtrar el historial por rango de fechas	Administrador logueado; jugador con pagos en distintas fechas	desde=2026-01-01 y hasta=2026-01-31	1. Buscar al jugador por DNI / 2. Cargar el rango de fechas desde/hasta	El historial muestra únicamente los pagos cuya fecha de pago cae dentro del rango indicado	Media	Funcional	Guajardo Lautaro
TC-130	US-22	Rechazar un filtro con formato de fecha inválido	Administrador logueado	desde=2026/01/01 (formato inválido)	1. Llamar a GET /pagos-deportivos/persona/:id/historial con desde en formato inválido	El sistema responde 400 e informa que la fecha debe tener el formato YYYY-MM-DD	Baja	Unitario	Rodriguez Gonzalo
TC-131	US-22	Mostrar los períodos adeudados actualizados junto con los pagos	Administrador logueado; jugador con períodos pagados y períodos pendientes	personaId del jugador	1. Buscar al jugador por DNI / 2. Observar las secciones de pagos y de períodos adeudados	El historial muestra los pagos realizados y los períodos adeudados vigentes (calculados según los registros del sistema) con su fecha y monto	Media	Integración	Colque Condo Luis Alvaro
TC-132	US-22	Reflejar el usuario responsable nulo cuando el pago no lo tiene	Administrador logueado; existe un pago sin usuario responsable asociado	personaId del jugador	1. Consultar el historial del jugador	El historial muestra el pago con el campo 'registrado por' vacío, sin fallar	Baja	Funcional	Colque Condo Luis Alvaro
TC-133	US-22	Garantizar que el historial es de solo lectura	Administrador logueado en la pantalla de historial	N/A (no existen endpoints de edición/eliminación de pagos deportivos)	1. Revisar la pantalla y la API de historial de cuotas deportivas	No se ofrecen acciones de editar ni eliminar; el módulo solo expone consultas (GET) y el alta de pagos (US-21)	Media	No funcional	Gerbaudo Mateo
TC-134	US-22	Impedir la consulta del historial sin rol autorizado	Usuario autenticado con solo rol SOCIO o DELEGADO	Petición a GET /pagos-deportivos/persona/:id/historial	1. Llamar al endpoint con un usuario SOCIO	El sistema responde 403 (sin permisos)	Media	No funcional	Gerbaudo Mateo
TC-135	US-44	Dar de alta una disciplina que exige documentación con su plazo de presentación	Administrador logueado; no existe la disciplina "Hockey"	Nombre "Hockey", exige documentación: Certificado médico de aptitud física (30 días) y DNI (0 días)	1. Ir a Disciplinas / 2. Presionar "Nueva disciplina" / 3. Completar los datos y agregar los dos documentos con su plazo / 4. Guardar	La disciplina se crea activa, muestra "2 tipo(s)" de documentación y aparece el mensaje "Disciplina creada correctamente"	Alta	Funcional	Rodriguez Gonzalo
TC-136	US-44	Rechazar una disciplina que exige documentación sin documentos seleccionados	Administrador logueado	Nombre "Hockey", exige documentación marcado, sin documentos	1. Abrir "Nueva disciplina" / 2. Marcar "Solicita documentación" sin agregar documentos / 3. Guardar	El formulario no se envía e informa "Agregá al menos un tipo de documentación"; por API responde 400 "Seleccioná al menos un documento obligatorio."	Alta	Unitario	Rodriguez Gonzalo
TC-137	US-44	Rechazar un documento obligatorio repetido	Administrador logueado	POST /disciplinas con DNI dos veces en requerimientosDocumentacion	1. Enviar el alta de disciplina con el mismo tipo de documento repetido	El sistema responde 400 "No se puede repetir un tipo de documento obligatorio." y no crea la disciplina	Media	Unitario	Rodriguez Gonzalo
TC-138	US-44	Rechazar el alta por usuarios sin rol administrador	Usuario COLABORADOR logueado	POST /disciplinas con datos válidos	1. Llamar al endpoint de alta con un usuario COLABORADOR	El sistema responde 403 y la pantalla no muestra el botón "Nueva disciplina"	Media	No funcional	Rodriguez Gonzalo
TC-139	US-48	Agregar una categoría con restricciones y documentación adicional	Administrador logueado; disciplina "Fútbol" activa, 6 a 18 años, exige Certificado médico	Nombre "Sub-15", género Femenino, edad 13 a 15, Autorización de padres/tutores (15 días)	1. Ir a Disciplinas / 2. Presionar "Categorías" en Fútbol / 3. Presionar "Nueva categoría" / 4. Completar los datos / 5. Guardar	La categoría se crea activa; la tabla muestra "Femenino · 13 a 15 años", los años de nacimiento que abarca y la documentación de la disciplina más la adicional; aparece "Categoría creada correctamente"	Alta	Funcional	Rodriguez Gonzalo
TC-140	US-48	Rechazar una categoría con nombre repetido en la misma disciplina	Existe la categoría "Sub-15" en Fútbol	Nombre "SUB-15"	1. Abrir "Nueva categoría" en Fútbol / 2. Ingresar el nombre "SUB-15" / 3. Guardar	El sistema rechaza el alta (409) e informa "Ya existe una categoría con ese nombre en la disciplina"	Alta	Funcional	Rodriguez Gonzalo
TC-141	US-48	Permitir el mismo nombre de categoría en otra disciplina	Existe "Sub-15" en Fútbol; disciplina "Vóley" activa sin categorías	Nombre "Sub-15" en Vóley	1. Ir a las categorías de Vóley / 2. Crear la categoría "Sub-15"	La categoría se crea correctamente en Vóley	Media	Funcional	Rodriguez Gonzalo
TC-142	US-48	Mostrar la documentación de la disciplina como solo lectura y no ofrecerla de nuevo	Disciplina Fútbol exige Certificado médico de aptitud física	—	1. Abrir "Nueva categoría" en Fútbol / 2. Revisar la sección de documentación	El certificado médico aparece en "Documentación que exige la disciplina" sin opción de quitarlo y no figura en el selector de documentación adicional	Media	Funcional	Rodriguez Gonzalo
TC-143	US-48	Rechazar documentación adicional que ya exige la disciplina	Disciplina Fútbol exige Certificado médico de aptitud física	POST /disciplinas/{id}/categorias con CERTIFICADO_MEDICO_APTITUD_FISICA	1. Enviar el alta de la categoría por API con el documento ya exigido	El sistema responde 400 "La disciplina ya exige: Certificado médico de aptitud física."	Alta	Unitario	Rodriguez Gonzalo
TC-144	US-48	Rechazar restricciones de edad fuera del rango de la disciplina	Disciplina Fútbol de 6 a 18 años	Categoría "Veteranos" con edad mínima 35	1. Crear la categoría con edad mínima 35 / 2. Guardar	El sistema responde 400 "El rango de edad de la categoría debe quedar dentro del de la disciplina (6 a 18 años)."	Alta	Unitario	Rodriguez Gonzalo
TC-145	US-48	Rechazar un género distinto al de una disciplina restringida	Disciplina "Hockey" restringida a Femenino	Categoría con género Masculino (por API)	1. Abrir "Nueva categoría" en Hockey y revisar el selector de género / 2. Enviar por API una categoría Masculino	La pantalla solo ofrece "Igual que la disciplina (Femenino)"; por API responde 400 "La disciplina es solo para el género Femenino: la categoría no puede definir otro."	Media	Unitario	Rodriguez Gonzalo
TC-146	US-48	Impedir agregar categorías a una disciplina inactiva	Disciplina "Básquet" inactiva	Nombre "Primera"	1. Ir a las categorías de Básquet / 2. Intentar crear una categoría	El botón "Nueva categoría" está deshabilitado con el aviso de disciplina inactiva; por API responde 400 "No se pueden agregar categorías a una disciplina inactiva."	Media	Funcional	Rodriguez Gonzalo
TC-147	US-48	Conservar los requisitos de las categorías al editar la disciplina	Categoría Sub-15 exige Autorización de padres/tutores y Seguro	Editar Fútbol agregando Autorización de padres/tutores como requisito de la disciplina	1. Editar la disciplina Fútbol agregando ese documento / 2. Volver a las categorías de Fútbol	Sub-15 conserva el Seguro como adicional y la Autorización pasa a figurar como requisito de la disciplina (no duplicado)	Media	Integración	Rodriguez Gonzalo
TC-148	US-49	Editar nombre y restricciones de una categoría	Categoría Sub-15 (13 a 15 años) en Fútbol	Nombre "Sub-16", edad mínima 14, edad máxima 16	1. Presionar "Editar" en Sub-15 / 2. Cambiar nombre y edades / 3. Guardar cambios	La categoría se actualiza, muestra "14 a 16 años", aparece "Categoría actualizada correctamente" y queda registrada en auditoría como EDITAR	Alta	Funcional	Rodriguez Gonzalo
TC-149	US-49	Rechazar renombrar a una categoría existente de la misma disciplina	Existen Sub-15 y Primera en Fútbol	Renombrar Sub-15 a "primera"	1. Editar Sub-15 / 2. Cambiar el nombre a "primera" / 3. Guardar	El sistema responde 409 "Ya existe una categoría con ese nombre en la disciplina" y no modifica la categoría	Alta	Funcional	Rodriguez Gonzalo
TC-150	US-49	Rechazar una edad máxima menor que la mínima	Categoría Sub-15 (13 a 15 años)	Edad mínima 15, edad máxima 13	1. Editar Sub-15 / 2. Ingresar las edades / 3. Guardar	El formulario no se envía e informa "La edad máxima no puede ser menor que la edad mínima"	Media	Unitario	Rodriguez Gonzalo
TC-151	US-49	Agregar documentación adicional conservando la vigente	Sub-15 exige Autorización de padres/tutores desde una fecha anterior	Agregar Seguro o cobertura médica (10 días)	1. Editar Sub-15 / 2. Agregar el documento / 3. Guardar / 4. Consultar GET /disciplinas/{id}/categorias	La Autorización conserva su fecha de vigencia original y el Seguro figura con la fecha de la modificación	Media	Integración	Rodriguez Gonzalo
TC-152	US-50	Dar de baja una categoría conservando sus inscripciones	Categoría Sub-15 activa con participantes inscriptos	—	1. Presionar "Dar de baja" en Sub-15 / 2. Confirmar en el diálogo	La categoría pasa a "Inactiva", conserva la cantidad de inscriptos, aparece "Categoría dada de baja correctamente" y se registra BAJA en auditoría	Alta	Funcional	Rodriguez Gonzalo
TC-153	US-50	No ofrecer una categoría dada de baja en la inscripción	Fútbol con Sub-15 inactiva y Primera activa	—	1. Ir a Inscripción / 2. Seleccionar Fútbol / 3. Abrir el selector de categoría	Solo se ofrece Primera; por API, inscribir en Sub-15 responde 400 "La categoría indicada no pertenece a esta disciplina o no está activa"	Alta	Funcional	Rodriguez Gonzalo
TC-154	US-50	Editar un participante cuya categoría fue dada de baja	Participante inscripto en Sub-15, luego dada de baja	Nuevo teléfono	1. Ir a Participantes / 2. Editar el participante / 3. Cambiar el teléfono / 4. Guardar	Se guardan los cambios; la categoría se muestra como "Sub-15 (dada de baja)" y se conserva	Media	Integración	Rodriguez Gonzalo
TC-155	US-50	Rechazar dar de baja una categoría ya inactiva	Categoría Sub-15 inactiva	DELETE /disciplinas/{id}/categorias/{id}	1. Enviar la baja por API	El sistema responde 409 "La categoría ya se encuentra inactiva"	Baja	Unitario	Rodriguez Gonzalo
TC-156	US-51	Consultar las categorías con la documentación total y las restricciones	Fútbol con categorías Sub-15 y Primera	—	1. Ir a Disciplinas / 2. Presionar "Categorías" en Fútbol	Se listan las categorías con nombre, restricciones que rigen, documentación de la disciplina y adicional, inscriptos y estado	Alta	Funcional	Rodriguez Gonzalo
TC-157	US-51	Filtrar categorías por estado y buscar por nombre	Fútbol con Sub-15 inactiva y Primera activa	Pestaña "Inactivas", búsqueda "sub"	1. Abrir las categorías de Fútbol / 2. Seleccionar "Inactivas" / 3. Escribir "sub" en la búsqueda	Solo se muestra Sub-15	Media	Funcional	Rodriguez Gonzalo
TC-158	US-51	Informar cuando no hay categorías que coincidan	Fútbol sin categorías que contengan "xyz"	Búsqueda "xyz"	1. Abrir las categorías de Fútbol / 2. Buscar "xyz"	El sistema muestra "No se encontraron resultados"	Media	Funcional	Rodriguez Gonzalo
TC-159	US-51	Impedir la consulta de categorías a un socio	Usuario SOCIO logueado	GET /disciplinas/{id}/categorias	1. Llamar al endpoint con un usuario SOCIO	El sistema responde 403 (sin permisos)	Baja	No funcional	Rodriguez Gonzalo
TC-160	US-26	Ver las alertas de documentación al iniciar sesión como delegado	Usuario DELEGADO; un participante inscripto en Fútbol · Sub-15 con el certificado médico que vence en 5 días	Login del delegado	1. Iniciar sesión como delegado / 2. Mirar el Inicio	El Inicio muestra "Alertas de documentación" con una fila: participante (Apellido, Nombre), disciplina y categoría, "Certificado médico de aptitud física", la fecha de vencimiento (dd/mm/aaaa, "en 5 días") y el estado "Por vencer"	Alta	Funcional	Rodriguez Gonzalo
TC-161	US-26	Generar la alerta de un documento que vence dentro de los próximos 10 días y no la de uno que vence en 11	Participante inscripto con dos documentos presentados: uno vence en 10 días y otro en 11	Fecha de hoy y los dos vencimientos	1. Calcular las alertas de documentación	Solo se genera la alerta del documento que vence en 10 días ("Vence en 10 días (dd/mm/aaaa)")	Alta	Unitario	Rodriguez Gonzalo
TC-162	US-26	Alertar un documento faltante cuyo plazo de presentación termina en los próximos 10 días	Participante inscripto en una categoría que exige "Autorización de padres/tutores" (plazo 15 días), sin presentarla; el plazo termina en 3 días	Login de un delegado	1. Iniciar sesión como delegado / 2. Mirar las alertas del Inicio	La alerta muestra el documento faltante con su fecha límite de presentación y el estado "Falta presentar" ("Falta presentarlo: el plazo termina en 3 días")	Alta	Funcional	Rodriguez Gonzalo
TC-163	US-26	Mostrar primero lo vencido y los plazos de presentación terminados	Un participante con un documento vencido, otro con el plazo de presentación terminado y otro con un documento que vence en 2 días	Fecha de hoy	1. Calcular las alertas de documentación	El orden es: "Vencido", "Plazo vencido" y después "Por vencer"; cada una con su fecha	Media	Unitario	Rodriguez Gonzalo
TC-164	US-26	Resolver una alerta desde el Inicio cargando el documento	Delegado logueado; alerta "Por vencer" del certificado médico de un participante	Nuevo certificado con vencimiento dentro de un año	1. En el Inicio, presionar "Ver documentación" en la alerta / 2. Cargar el certificado con la nueva fecha / 3. Cerrar el modal	Se abre la documentación del participante; al cargar el documento la alerta deja de figurar en el Inicio	Media	Integración	Rodriguez Gonzalo
TC-165	US-26	Avisar por email a los delegados las alertas nuevas	SMTP configurado (SMTP_HOST, MAIL_FROM) y ALERTAS_CRON_TOKEN; al menos un usuario DELEGADO activo; existen alertas no avisadas	POST /api/v1/alertas/documentacion/notificar con la cabecera x-cron-token correcta	1. Ejecutar el workflow "Alertas de documentación" (o llamar al endpoint con el token) / 2. Revisar la casilla del delegado	Responde 200 con "enviado": true; el delegado recibe el email "SocialClub · N alertas de documentación" con participante, disciplina, documento, fecha y estado de cada alerta; queda registrado en Auditoría	Alta	Funcional	Rodriguez Gonzalo
TC-166	US-26	No repetir por email una alerta ya avisada	Alertas ya avisadas en una ejecución anterior y sin cambios	POST /api/v1/alertas/documentacion/notificar con el token correcto	1. Ejecutar el envío dos veces seguidas	La segunda respuesta informa "nuevas": 0 y "enviado": false; no llega un segundo email	Alta	Funcional	Rodriguez Gonzalo
TC-167	US-26	Rechazar el envío programado sin el token correcto	ALERTAS_CRON_TOKEN configurado en la API	POST /api/v1/alertas/documentacion/notificar sin cabecera y con un token incorrecto	1. Llamar al endpoint sin la cabecera x-cron-token / 2. Llamar con un token incorrecto	El sistema responde 401 "Token de tarea programada inválido" y no envía emails	Alta	No funcional	Rodriguez Gonzalo
TC-168	US-26	Mantener cerrado el envío programado si el entorno no configuró el token	API sin ALERTAS_CRON_TOKEN	POST /api/v1/alertas/documentacion/notificar con cualquier token	1. Llamar al endpoint	El sistema responde 403 "El envío programado de alertas no está configurado"	Media	No funcional	Rodriguez Gonzalo
TC-169	US-26	Sin SMTP configurado no enviar ni dar por avisadas las alertas	API sin SMTP_HOST, con ALERTAS_CRON_TOKEN; existen alertas nuevas y un delegado activo	POST /api/v1/alertas/documentacion/notificar con el token correcto	1. Llamar al endpoint / 2. Configurar el SMTP y volver a llamar	La primera respuesta informa "enviado": false y no marca nada; la segunda envía el email con esas mismas alertas	Media	Funcional	Rodriguez Gonzalo
TC-170	US-26	Impedir la consulta de alertas a roles sin acceso a la documentación	Usuario COLABORADOR o SOCIO logueado	GET /api/v1/alertas/documentacion	1. Llamar al endpoint con un usuario COLABORADOR / 2. Repetir con un SOCIO	El sistema responde 403 "No tenés permisos suficientes para esta operación"; el Inicio del COLABORADOR no muestra alertas	Media	No funcional	Rodriguez Gonzalo
TC-171	US-26	Mostrar las alertas también en el Inicio del administrador	Usuario ADMIN logueado; existen alertas	Login del administrador	1. Iniciar sesión como administrador / 2. Mirar el Inicio	El panel de gestión muestra la sección "Alertas de documentación" sobre los módulos del sistema	Baja	Funcional	Rodriguez Gonzalo
TC-172	US-26	Informar en su día una fecha de vencimiento guardada a las 00:00 UTC	Documento con vencimiento "2026-10-07" (guardado a las 00:00 UTC); servidor en hora de Argentina	Fecha de hoy 03/10/2026	1. Calcular las alertas de documentación	La alerta dice "Vence en 4 días (07/10/2026)" y no 06/10/2026	Media	Unitario	Rodriguez Gonzalo
