EJ-01	2.0	31/07/2026	TC-001	US-1	Guajardo Lautaro	Aprobado	PASS  src/usuarios/usuarios.service.spec.ts (16.109 s)		
EJ-02	2.0	31/07/2026	TC-002	US-1	Guajardo Lautaro	Aprobado			
EJ-03	2.0	31/07/2026	TC-003	US-1	Guajardo Lautaro	Aprobado			
EJ-04	2.0	31/07/2026	TC-004	US-1	Guajardo Lautaro	Aprobado			
EJ-05	2.0	31/07/2026	TC-005	US-1	Guajardo Lautaro	Aprobado			
EJ-06	2.0	31/07/2026	TC-026	US-12	Guajardo Lautaro	Aprobado	BACKEND: Test Suites: 1 passed, 1 total Tests:       1 todo, 4 passed, 5 total Ran all test suites matching socios.e2e-spec.ts|socios.service.spec.ts. FRONTEND: Test Files  1 passed (1) Tests  5 passed (5)		
EJ-07	2.0	31/07/2026	TC-027	US-12	Guajardo Lautaro	Aprobado			
EJ-08	2.0	31/07/2026	TC-028	US-12	Guajardo Lautaro	Aprobado			
EJ-09	2.0	31/07/2026	TC-029	US-12	Guajardo Lautaro	Aprobado			
EJ-10	2.0	31/07/2026	TC-030	US-12	Guajardo Lautaro	Aprobado			
EJ-11	2.0	31/07/2026	TC-031	US-12	Guajardo Lautaro	Fallido			
EJ-12	2.0	31/07/2026	TC-032	US-12	Guajardo Lautaro	Aprobado			
EJ-13	3.0	14/08/2026	TC-077	US-38	Guajardo Lautaro	Aprobado	BACKEND: Test Suites: 1 passed, 1 total Tests:       6 passed, 6 total Ran all test suites matching auth.e2e-spec.ts|auth.service.spec.ts. FRONTEND: RegisterForm.test.tsx (7 tests) Test Files  1 passed (1) Tests  7 passed (7)		
EJ-14	3.0	14/08/2026	TC-078	US-38	Guajardo Lautaro	Aprobado			
EJ-15	3.0	14/08/2026	TC-079	US-38	Guajardo Lautaro	Aprobado			
EJ-16	3.0	14/08/2026	TC-080	US-38	Guajardo Lautaro	Aprobado			
EJ-17	3.0	14/08/2026	TC-081	US-38	Guajardo Lautaro	Aprobado			
EJ-18	3.0	14/08/2026	TC-082	US-38	Guajardo Lautaro	Aprobado			
EJ-19	3.0	14/08/2026	TC-083	US-38	Guajardo Lautaro	Aprobado			
EJ-20	3.0	14/08/2026	TC-084	US-38	Guajardo Lautaro	Aprobado			
EJ-21	3.0	19/08/2026	TC-006	US-02	Gerbaudo Mateo	Aprobado	BACKEND: Test Suites: 1 passed, 1 total Tests:       13 passed, 13 total Ran all test suites matching usuarios.service.spec.ts.  FRONTEND: UsuariosPage.spec.tsx (7 tests) Test Files  1 passed (1) Tests  7 passed (7) 		
EJ-22	3.0	20/08/2026	TC-007	US-02	Gerbaudo Mateo	Aprobado			
EJ-23	3.0	21/08/2026	TC-008	US-02	Gerbaudo Mateo	Aprobado			
EJ-24	3.0	22/08/2026	TC-009	US-02	Gerbaudo Mateo	Aprobado			
EJ-25	3.0	23/08/2026	TC-010	US-02	Gerbaudo Mateo	Aprobado			
EJ-26	3.0	24/08/2026	TC-011	US-02	Gerbaudo Mateo	Aprobado			
EJ-27	3.0	25/08/2026	TC-012	US-02	Gerbaudo Mateo	Aprobado			
EJ-28	3.0	16/09/2026	TC-091	US-16	Gazzola Lucas	Aprobado	Jest — cuota-social.service.spec.ts Test Suites: 1 passed, 1 total Tests: 22 passed, 22 total API: POST /api/v1/cuota-social → HTTP 201 {"periodoAplicacion":"2026-10","monto":15000,"activo":false}		Verificado también contra la API levantada en local.
EJ-29	3.0	16/09/2026	TC-092	US-16	Gazzola Lucas	Aprobado	API: POST /api/v1/cuota-social (periodo 2026-07) → HTTP 400 "El período 2026-07 no es válido: los cambios de cuota aplican a partir del período siguiente (2026-10)" Jest — cuota-social.service.spec.ts Test Suites: 1 passed, 1 total Tests: 22 passed, 22 total		
EJ-30	3.0	16/09/2026	TC-093	US-16	Gazzola Lucas	Aprobado	API: POST /api/v1/cuota-social (periodo 2026-09, mes en curso) → HTTP 400 "El período 2026-09 no es válido: los cambios de cuota aplican a partir del período siguiente (2026-10)"		
EJ-31	3.0	16/09/2026	TC-094	US-16	Gazzola Lucas	Aprobado	API: POST /api/v1/cuota-social (monto 0) → HTTP 400 ["monto must not be less than 0.01"]		Validación del DTO, no llega al service.
EJ-32	3.0	16/09/2026	TC-095	US-16	Gazzola Lucas	Aprobado	API: POST /api/v1/cuota-social (periodo "2026-13") → HTTP 400 ["periodoAplicacion debe tener el formato YYYY-MM (ej: 2026-10)"]		
EJ-33	3.0	16/09/2026	TC-096	US-16	Gazzola Lucas	Aprobado	API: POST /api/v1/cuota-social (categoriaId 9999) → HTTP 404 "Categoría de socio no encontrada"		
EJ-34	3.0	16/09/2026	TC-097	US-16	Gazzola Lucas	Aprobado	Jest — cuota-social.service.spec.ts Test Suites: 1 passed, 1 total Tests: 22 passed, 22 total		Cubierto por test unitario: verifica que se actualiza la fila existente y no se crea otra.
EJ-35	3.0	16/09/2026	TC-098	US-16	Gazzola Lucas	Aprobado	Jest — cuota-social.service.spec.ts Test Suites: 1 passed, 1 total Tests: 22 passed, 22 total		Cubierto por test unitario: al activar una configuración se desactivan las demás de la categoría.
EJ-36	3.0	16/09/2026	TC-099	US-16	Gazzola Lucas	Aprobado	Jest — cuota-social.service.spec.ts Test Suites: 1 passed, 1 total Tests: 22 passed, 22 total		Test unitario sobre proximoPeriodo con fecha 31/12/2026 → "2027-01".
EJ-37	3.0	16/09/2026	TC-100	US-16	Gazzola Lucas	Aprobado	API: POST /api/v1/cuota-social con usuario SOCIO → HTTP 403 "No tenés permisos suficientes para esta operación" Jest — cuota-social.roles.spec.ts Test Suites: 1 passed, 1 total Tests: 18 passed, 18 total		
EJ-38	3.0	16/09/2026	TC-101	US-16	Gazzola Lucas	Aprobado	API: GET /api/v1/cuota-social/vigente → HTTP 200 []  (sin cuotas vigentes aún: la configurada rige desde 2026-10) Jest — cuota-social.service.spec.ts Test Suites: 1 passed, 1 total Tests: 22 passed, 22 total		El arreglo vacío es el resultado correcto en este estado de datos; la lógica de selección queda cubierta por el test unitario.
EJ-39	3.0	16/09/2026	TC-102	US-32	Gazzola Lucas	Aprobado	Jest — auditoria.service.spec.ts Test Suites: 1 passed, 1 total Tests: 11 passed, 11 total		Test unitario: al recibir un cliente transaccional, la auditoría se escribe por ahí y no por el cliente normal (RNF07).
EJ-40	3.0	16/09/2026	TC-103	US-32	Gazzola Lucas	Aprobado	API: GET /api/v1/auditoria?accion=CREAR&porPagina=3 → HTTP 200 total: 6, primer registro: CREAR / ConfiguracionCuotaSocial / "Cuota social Cuota General - Período 2026-10 - Monto $15000.00" Jest — auditoria.service.spec.ts Test Suites: 1 passed, 1 total Tests: 11 passed, 11 total		
EJ-41	3.0	16/09/2026	TC-104	US-32	Gazzola Lucas	Aprobado	Jest — auditoria.service.spec.ts Test Suites: 1 passed, 1 total Tests: 11 passed, 11 total		Cubierto por test unitario: arma el filtro fechaHora con gte/lte y admite un solo extremo.
EJ-42	3.0	16/09/2026	TC-105	US-32	Gazzola Lucas	Aprobado	Jest — auditoria.service.spec.ts Test Suites: 1 passed, 1 total Tests: 11 passed, 11 total		Cubierto por test unitario: pagina 3 con porPagina 20 saltea 40 registros y devuelve el total.
EJ-43	3.0	16/09/2026	TC-106	US-32	Gazzola Lucas	Aprobado	API: GET /api/v1/auditoria?accion=INVENTADA → HTTP 400 ["accion must be one of the following values: CREAR, EDITAR, BAJA, REACTIVAR, LOGIN, LOGOUT, LOGIN_FALLIDO"]		
EJ-44	3.0	16/09/2026	TC-107	US-32	Gazzola Lucas	Aprobado	API: GET /api/v1/auditoria con usuario SOCIO → HTTP 403 "No tenés permisos suficientes para esta operación" Jest — auditoria.roles.spec.ts Test Suites: 1 passed, 1 total Tests: 4 passed, 4 total		
EJ-45	3.0	16/09/2026	TC-074	US-32	Gazzola Lucas	Aprobado	Jest — auditoria.service.spec.ts Test Suites: 1 passed, 1 total Tests: 11 passed, 11 total		Cubierto a nivel de servicio: AuditoriaService solo expone registrar/listarPorEntidad/listarTodos. ATENCIÓN: la base de datos NO lo impide (no hay trigger ni revoke), así que el caso se cumple solo parcialmente respecto de lo que dice el Resultado Esperado.
EJ-46	3.0	16/09/2026	TC-076	US-32	Gazzola Lucas	Aprobado	Jest — auditoria.service.spec.ts Test Suites: 1 passed, 1 total Tests: 11 passed, 11 total		Cubierto por test unitario de listarPorEntidad: filtra por entidad e idEntidad y ordena por fechaHora desc.
EJ-47	4.0	26/09/2026	TC-108	US-21	Guajardo Lautaro	Aprobado	PASS src/pagos/pagos-deportivos.service.spec.ts — Tests: 12 passed		Pago de varios períodos en transacción atómica. Verificado a nivel de servicio con PrismaService/AuditoriaService mockeados.
EJ-48	4.0	26/09/2026	TC-109	US-21	Guajardo Lautaro	Aprobado	PASS src/pagos/pagos-deportivos.service.spec.ts — Tests: 12 passed		Camino feliz de un único período, cubierto por el mismo flujo de registrarPago.
EJ-49	4.0	26/09/2026	TC-110	US-21	Colque Condo Luis Alvaro	Aprobado	PASS src/pagos/pagos-deportivos.service.spec.ts — Tests: 12 passed		Recalcula estadoDeudaActual=AL_DIA y cuotasPendientesRestantes=0 tras saldar el único período pendiente.
EJ-50	4.0	26/09/2026	TC-111	US-21	Colque Condo Luis Alvaro	Aprobado	PASS src/pagos/pagos-deportivos.service.spec.ts — Tests: 12 passed		Se verifica monto, responsableId y auditoría CREAR sobre PagoCuotaDeportiva. Persistencia en BD no cubierta por el unitario (mock).
EJ-51	4.0	26/09/2026	TC-112	US-21	Gerbaudo Mateo	Aprobado	PASS src/pagos/pagos-deportivos.service.spec.ts — Tests: 12 passed		ConflictException (409) ante período ya pagado; además protegido por @@unique([personaId,disciplinaId,periodo]).
EJ-52	4.0	26/09/2026	TC-113	US-21	Gerbaudo Mateo	Aprobado	PASS src/pagos/pagos-deportivos.service.spec.ts — Tests: 12 passed		BadRequest si el participante no tiene inscripción activa en la disciplina.
EJ-53	4.0	26/09/2026	TC-114	US-21	Rodriguez Gonzalo	Aprobado	PASS src/pagos/pagos-deportivos.service.spec.ts — Tests: 12 passed		BadRequest ante período futuro.
EJ-54	4.0	26/09/2026	TC-115	US-21	Rodriguez Gonzalo	Aprobado	PASS src/pagos/pagos-deportivos.service.spec.ts — Tests: 12 passed		BadRequest cuando no hay ConfiguracionCuotaDeportiva vigente (monto 0).
EJ-55	4.0	26/09/2026	TC-116	US-21	Guajardo Lautaro	Aprobado	PASS src/pagos/pagos-deportivos.roles.spec.ts — control de acceso (ADMIN/COLABORADOR)		RolesGuard rechaza SOCIO/DELEGADO con 403 en los 3 endpoints.
EJ-56	4.0	26/09/2026	TC-117	US-21	Colque Condo Luis Alvaro	Aprobado	PASS src/features/pagos/hooks/usePagosDeportivos.spec.tsx — Tests: 4 passed		Hook usePendientesDeportivos verificado (habilitación por personaId y fetch). La UI agrupada por disciplina se validará en prueba manual/E2E.
EJ-57	3.0	26/09/2026	TC-118	US-41	Gazzola Lucas	Aprobado	Jest — TC-118: PASS (servicio y e2e) / Jest — src/auth/auth.service.spec.ts: PASS (9.035 s) / Test Suites: 1 passed, 1 total / Tests:       17 passed, 17 total / Jest — src/auth/auth.e2e-spec.ts: PASS (9.189 s) / Test Suites: 1 passed, 1 total / Tests:       9 passed, 9 total		El hash se valida con bcrypt.compareSync y la respuesta nunca expone el hash. Cubierto también en el frontend: Vitest CambiarContrasenaForm.test.tsx (payload exacto, banner de éxito y limpieza del formulario) y useCambiarContrasena.spec.tsx (toast de éxito).
EJ-58	3.0	26/09/2026	TC-119	US-41	Gazzola Lucas	Aprobado	Jest — TC-119: PASS (servicio y e2e) / Jest — src/auth/auth.service.spec.ts: PASS (9.035 s) / Test Suites: 1 passed, 1 total / Tests:       17 passed, 17 total / Jest — src/auth/auth.e2e-spec.ts: PASS (9.189 s) / Test Suites: 1 passed, 1 total / Tests:       9 passed, 9 total		Se verifica que no se ejecutan usuario.update ni auditoria.registrar. En el frontend el mensaje del 401 se muestra en un banner de error (role=alert) además del toast.
EJ-59	3.0	26/09/2026	TC-120	US-41	Gazzola Lucas	Aprobado	Jest — TC-120: PASS (DTO y e2e con 5 contraseñas débiles) / Jest — src/auth/dto/cambiar-contrasena.dto.spec.ts: PASS (5.741 s) / Test Suites: 1 passed, 1 total / Tests:       10 passed, 10 total / Jest — src/auth/auth.e2e-spec.ts: PASS (9.189 s) / Test Suites: 1 passed, 1 total / Tests:       9 passed, 9 total		Validado a nivel de contrato con class-validator y por HTTP. El formulario aplica la misma política y bloquea el envío antes del request.
EJ-60	3.0	26/09/2026	TC-121	US-41	Gazzola Lucas	Aprobado	Jest — TC-121: PASS (DTO y e2e) / Jest — src/auth/dto/cambiar-contrasena.dto.spec.ts: PASS (5.741 s) / Test Suites: 1 passed, 1 total / Tests:       10 passed, 10 total / Jest — src/auth/auth.e2e-spec.ts: PASS (9.189 s) / Test Suites: 1 passed, 1 total / Tests:       9 passed, 9 total		Coincidencia validada por el validador MatchesPassword del DTO. El frontend marca el error en el campo de confirmación.
EJ-61	3.0	26/09/2026	TC-122	US-41	Gazzola Lucas	Aprobado	Jest — TC-122: PASS / Jest — src/auth/auth.service.spec.ts: PASS (9.035 s) / Test Suites: 1 passed, 1 total / Tests:       17 passed, 17 total		El servicio sólo lee id y passwordHash: no consulta roles ni permisos, por eso un socio auto-registrado sin roles puede cambiar su contraseña.
EJ-62	3.0	26/09/2026	TC-123	US-41	Gazzola Lucas	Aprobado	Jest — TC-123: PASS / Jest — src/auth/auth.service.spec.ts: PASS (9.035 s) / Test Suites: 1 passed, 1 total / Tests:       17 passed, 17 total		Verificado con AuditoriaService mockeado: una sola entrada, acción EDITAR, entidad Usuario, responsableId = id del usuario y detalle con US-41.
EJ-63	3.0	26/09/2026	TC-124	US-41	Gazzola Lucas	Aprobado	Jest — TC-124: PASS (servicio y e2e) / Jest — src/auth/auth.service.spec.ts: PASS (9.035 s) / Test Suites: 1 passed, 1 total / Tests:       17 passed, 17 total / Jest — src/auth/auth.e2e-spec.ts: PASS (9.189 s) / Test Suites: 1 passed, 1 total / Tests:       9 passed, 9 total		La comparación se hace en el servicio contra el hash guardado, no en el DTO; por eso el caso no se duplica en el contrato. El frontend lo anticipa con una regla del schema.
EJ-64	3.0	26/09/2026	TC-125	US-41	Gazzola Lucas	Aprobado	Jest — TC-125: PASS / Jest — src/auth/auth.service.spec.ts: PASS (9.035 s) / Test Suites: 1 passed, 1 total / Tests:       17 passed, 17 total		Escenario de token huérfano, cubierto a nivel de servicio porque el e2e corre con la base mockeada y no puede borrar el usuario de la sesión.
EJ-65	3.0	26/09/2026	TC-126	US-41	Gazzola Lucas	Aprobado	Jest — TC-126: PASS / Jest — src/auth/auth.service.spec.ts: PASS (9.035 s) / Test Suites: 1 passed, 1 total / Tests:       17 passed, 17 total		El test usa el hash realmente persistido por el cambio: valida el login con la nueva contraseña y el rechazo con la anterior.
EJ-66	3.0	27/09/2026	TC-127	US-41	Gazzola Lucas	Aprobado	Vitest — src/features/auth/pages/CambiarContrasenaPage.test.tsx: PASS / Vitest — src/features/socios/pages/PerfilSocioPage.test.tsx: PASS / Test Files  35 passed (35) / Tests      177 passed (177)		Nuevo en esta iteración: la sección pasa a página propia (/perfil/cambiar-contrasena). El botón de Mi Perfil ya no embebe el formulario; se verifica la navegación de ida y de vuelta. La parte de servidor no cambió.
